{
  "url": "/comments?postId=1",
  "response": [
    {
      "postId": 1,
      "id": 1,
      "name": "id labore ex et quam laborum",
      "email": "Eliseo@gardner.biz",
      "body": "laudantium enim quasi est quidem magnam voluptate ipsam eos\ntempora quo necessitatibus\ndolor quam autem quasi\nreiciendis et nam sapiente accusantium"
    },
    {
      "postId": 1,
      "id": 5,
      "name": "vero eaque aliquid doloribus et culpa",
      "email": "Hayden@althea.biz",
      "body": "harum non quasi et ratione\ntempore iure ex voluptates in ratione\nharum architecto fugit inventore cupiditate\nvoluptates magni quo et"
    }
  ]
}